timeStamp,elapsed,label,responseCode,responseMessage,threadName,dataType,success,failureMessage,bytes,sentBytes,grpThreads,allThreads,URL,Latency,IdleTime,Connect
1679751530927,88,user_info_3,200,OK,group_33 1-1,text,true,,382,247,5,5,http://5.75.203.123:5005/user_info_3,88,0,42
1679751530951,69,user_info_3,200,OK,group_33 1-2,text,true,,382,247,5,5,http://5.75.203.123:5005/user_info_3,69,0,32
1679751530969,87,user_info_3,200,OK,group_33 1-3,text,true,,382,247,7,7,http://5.75.203.123:5005/user_info_3,87,0,41
1679751530987,80,user_info_3,200,OK,group_33 1-4,text,true,,382,247,7,7,http://5.75.203.123:5005/user_info_3,80,0,37
1679751531007,81,user_info_3,200,OK,group_33 1-5,text,true,,382,247,9,9,http://5.75.203.123:5005/user_info_3,81,0,37
1679751531015,89,user_info_3,200,OK,group_33 1-1,text,true,,382,247,9,9,http://5.75.203.123:5005/user_info_3,89,0,41
1679751531025,88,user_info_3,200,OK,group_33 1-2,text,true,,382,247,10,10,http://5.75.203.123:5005/user_info_3,88,0,38
1679751531028,85,user_info_3,200,OK,group_33 1-6,text,true,,382,247,10,10,http://5.75.203.123:5005/user_info_3,85,0,39
1679751531052,67,user_info_3,200,OK,group_33 1-7,text,true,,382,247,10,10,http://5.75.203.123:5005/user_info_3,67,0,31
1679751531056,74,user_info_3,200,OK,group_33 1-3,text,true,,382,247,11,11,http://5.75.203.123:5005/user_info_3,74,0,38
1679751531068,88,user_info_3,200,OK,group_33 1-4,text,true,,382,247,12,12,http://5.75.203.123:5005/user_info_3,88,0,45
1679751531071,87,user_info_3,200,OK,group_33 1-8,text,true,,382,247,12,12,http://5.75.203.123:5005/user_info_3,87,0,42
1679751531109,75,user_info_3,200,OK,group_33 1-10,text,true,,382,247,13,13,http://5.75.203.123:5005/user_info_3,75,0,32
1679751531088,96,user_info_3,200,OK,group_33 1-5,text,true,,382,247,13,13,http://5.75.203.123:5005/user_info_3,96,0,43
1679751531089,95,user_info_3,200,OK,group_33 1-9,text,true,,382,247,13,13,http://5.75.203.123:5005/user_info_3,95,0,41
1679751531105,82,user_info_3,200,OK,group_33 1-1,text,true,,382,247,14,14,http://5.75.203.123:5005/user_info_3,82,0,36
1679751531113,126,user_info_3,200,OK,group_33 1-6,text,true,,382,247,16,16,http://5.75.203.123:5005/user_info_3,126,0,48
1679751531131,111,user_info_3,200,OK,group_33 1-3,text,true,,382,247,16,16,http://5.75.203.123:5005/user_info_3,111,0,44
1679751531119,123,user_info_3,200,OK,group_33 1-7,text,true,,382,247,16,16,http://5.75.203.123:5005/user_info_3,123,0,52
1679751531127,128,user_info_3,200,OK,group_33 1-11,text,true,,382,247,17,17,http://5.75.203.123:5005/user_info_3,128,0,46
1679751531156,99,user_info_3,200,OK,group_33 1-4,text,true,,382,247,17,17,http://5.75.203.123:5005/user_info_3,99,0,49
1679751531151,105,user_info_3,200,OK,group_33 1-12,text,true,,382,247,17,17,http://5.75.203.123:5005/user_info_3,105,0,40
1679751531158,98,user_info_3,200,OK,group_33 1-8,text,true,,382,247,17,17,http://5.75.203.123:5005/user_info_3,98,0,51
1679751531184,95,user_info_3,200,OK,group_33 1-10,text,true,,382,247,18,18,http://5.75.203.123:5005/user_info_3,95,0,46
1679751531184,110,user_info_3,200,OK,group_33 1-9,text,true,,382,247,19,19,http://5.75.203.123:5005/user_info_3,110,0,51
1679751531188,106,user_info_3,200,OK,group_33 1-14,text,true,,382,247,19,19,http://5.75.203.123:5005/user_info_3,106,0,47
1679751531187,111,user_info_3,200,OK,group_33 1-1,text,true,,382,247,19,19,http://5.75.203.123:5005/user_info_3,111,0,48
1679751531170,128,user_info_3,200,OK,group_33 1-13,text,true,,382,247,19,19,http://5.75.203.123:5005/user_info_3,128,0,66
1679751531184,115,user_info_3,200,OK,group_33 1-5,text,true,,382,247,19,19,http://5.75.203.123:5005/user_info_3,115,0,53
1679751531208,108,user_info_3,200,OK,group_33 1-15,text,true,,382,247,20,20,http://5.75.203.123:5005/user_info_3,108,0,48
1679751531231,114,user_info_3,200,OK,group_33 1-16,text,true,,382,247,21,21,http://5.75.203.123:5005/user_info_3,114,0,63
1679751531251,112,user_info_3,200,OK,group_33 1-17,text,true,,382,247,22,22,http://5.75.203.123:5005/user_info_3,111,0,47
1679751531242,121,user_info_3,200,OK,group_33 1-7,text,true,,382,247,22,22,http://5.75.203.123:5005/user_info_3,121,0,56
1679751531240,123,user_info_3,200,OK,group_33 1-6,text,true,,382,247,22,22,http://5.75.203.123:5005/user_info_3,123,0,58
1679751531242,134,user_info_3,200,OK,group_33 1-3,text,true,,382,247,23,23,http://5.75.203.123:5005/user_info_3,134,0,61
1679751531256,156,user_info_3,200,OK,group_33 1-12,text,true,,382,247,25,25,http://5.75.203.123:5005/user_info_3,156,0,54
1679751531256,158,user_info_3,200,OK,group_33 1-4,text,true,,382,247,25,25,http://5.75.203.123:5005/user_info_3,158,0,54
1679751531256,158,user_info_3,200,OK,group_33 1-8,text,true,,382,247,25,25,http://5.75.203.123:5005/user_info_3,157,0,54
1679751531271,143,user_info_3,200,OK,group_33 1-18,text,true,,382,247,25,25,http://5.75.203.123:5005/user_info_3,143,0,45
1679751531279,155,user_info_3,200,OK,group_33 1-10,text,true,,382,247,26,26,http://5.75.203.123:5005/user_info_3,155,0,45
1679751531294,175,user_info_3,200,OK,group_33 1-9,text,true,,382,247,27,27,http://5.75.203.123:5005/user_info_3,175,0,42
1679751531298,171,user_info_3,200,OK,group_33 1-1,text,true,,382,247,27,27,http://5.75.203.123:5005/user_info_3,171,0,55
1679751531113,356,user_info_3,200,OK,group_33 1-2,text,true,,382,247,27,27,http://5.75.203.123:5005/user_info_3,356,0,48
1679751531299,179,user_info_3,200,OK,group_33 1-5,text,true,,382,247,27,27,http://5.75.203.123:5005/user_info_3,179,0,61
1679751531287,191,user_info_3,200,OK,group_33 1-19,text,true,,382,247,27,27,http://5.75.203.123:5005/user_info_3,191,0,41
1679751531294,188,user_info_3,200,OK,group_33 1-14,text,true,,382,247,27,27,http://5.75.203.123:5005/user_info_3,188,0,51
1679751531298,184,user_info_3,200,OK,group_33 1-13,text,true,,382,247,27,27,http://5.75.203.123:5005/user_info_3,184,0,64
1679751531307,175,user_info_3,200,OK,group_33 1-20,text,true,,382,247,27,27,http://5.75.203.123:5005/user_info_3,175,0,61
1679751531316,167,user_info_3,200,OK,group_33 1-15,text,true,,382,247,27,27,http://5.75.203.123:5005/user_info_3,167,0,96
1679751531332,165,user_info_3,200,OK,group_33 1-21,text,true,,382,247,28,28,http://5.75.203.123:5005/user_info_3,165,0,102
1679751531348,149,user_info_3,200,OK,group_33 1-22,text,true,,382,247,28,28,http://5.75.203.123:5005/user_info_3,149,0,86
1679751531363,160,user_info_3,200,OK,group_33 1-6,text,true,,382,247,29,29,http://5.75.203.123:5005/user_info_3,159,0,74
1679751531363,160,user_info_3,200,OK,group_33 1-7,text,true,,382,247,29,29,http://5.75.203.123:5005/user_info_3,160,0,106
1679751531345,178,user_info_3,200,OK,group_33 1-16,text,true,,382,247,29,29,http://5.75.203.123:5005/user_info_3,178,0,124
1679751531376,170,user_info_3,200,OK,group_33 1-3,text,true,,382,247,30,30,http://5.75.203.123:5005/user_info_3,170,0,102
1679751531368,178,user_info_3,200,OK,group_33 1-23,text,true,,382,247,30,30,http://5.75.203.123:5005/user_info_3,178,0,110
1679751531363,183,user_info_3,200,OK,group_33 1-17,text,true,,382,247,30,30,http://5.75.203.123:5005/user_info_3,183,0,115
1679751531408,138,user_info_3,200,OK,group_33 1-25,text,true,,382,247,30,30,http://5.75.203.123:5005/user_info_3,138,0,74
1679751531414,160,user_info_3,200,OK,group_33 1-18,text,true,,382,247,31,31,http://5.75.203.123:5005/user_info_3,160,0,69
1679751531412,162,user_info_3,200,OK,group_33 1-12,text,true,,382,247,31,31,http://5.75.203.123:5005/user_info_3,162,0,70
1679751531414,160,user_info_3,200,OK,group_33 1-4,text,true,,382,247,31,31,http://5.75.203.123:5005/user_info_3,160,0,69
1679751531414,167,user_info_3,200,OK,group_33 1-8,text,true,,382,247,30,30,http://5.75.203.123:5005/user_info_3,167,0,69
1679751531429,152,user_info_3,200,OK,group_33 1-26,text,true,,382,247,30,30,http://5.75.203.123:5005/user_info_3,152,0,54
1679751531388,193,user_info_3,200,OK,group_33 1-24,text,true,,382,247,30,30,http://5.75.203.123:5005/user_info_3,193,0,94
1679751531255,333,user_info_3,200,OK,group_33 1-11,text,true,,382,247,31,31,http://5.75.203.123:5005/user_info_3,333,0,55
1679751531435,153,user_info_3,200,OK,group_33 1-10,text,true,,382,247,31,31,http://5.75.203.123:5005/user_info_3,153,0,62
1679751531451,141,user_info_3,200,OK,group_33 1-27,text,true,,382,247,31,31,http://5.75.203.123:5005/user_info_3,141,0,72
1679751531469,139,user_info_3,200,OK,group_33 1-9,text,true,,382,247,32,32,http://5.75.203.123:5005/user_info_3,139,0,54
1679751531472,131,user_info_3,200,OK,group_33 1-28,text,true,,382,247,31,31,http://5.75.203.123:5005/user_info_3,131,0,51
1679751531478,126,user_info_3,200,OK,group_33 1-19,text,true,,382,247,31,31,http://5.75.203.123:5005/user_info_3,126,0,49
1679751531478,145,user_info_3,200,OK,group_33 1-5,text,true,,382,247,32,32,http://5.75.203.123:5005/user_info_3,145,0,55
1679751531497,233,user_info_3,200,OK,group_33 1-21,text,true,,382,247,37,37,http://5.75.203.123:5005/user_info_3,233,0,84
1679751531508,237,user_info_3,200,OK,group_33 1-30,text,true,,382,247,37,37,http://5.75.203.123:5005/user_info_3,237,0,80
1679751531482,267,user_info_3,200,OK,group_33 1-14,text,true,,382,247,37,37,http://5.75.203.123:5005/user_info_3,267,0,92
1679751531483,266,user_info_3,200,OK,group_33 1-15,text,true,,382,247,37,37,http://5.75.203.123:5005/user_info_3,266,0,98
1679751531491,260,user_info_3,200,OK,group_33 1-29,text,true,,382,247,38,38,http://5.75.203.123:5005/user_info_3,260,0,90
1679751531527,224,user_info_3,200,OK,group_33 1-31,text,true,,382,247,38,38,http://5.75.203.123:5005/user_info_3,224,0,77
1679751531523,230,user_info_3,200,OK,group_33 1-7,text,true,,382,247,38,38,http://5.75.203.123:5005/user_info_3,230,0,81
1679751531498,255,user_info_3,200,OK,group_33 1-22,text,true,,382,247,38,38,http://5.75.203.123:5005/user_info_3,255,0,94
1679751531523,230,user_info_3,200,OK,group_33 1-6,text,true,,382,247,38,38,http://5.75.203.123:5005/user_info_3,230,0,85
1679751531523,231,user_info_3,200,OK,group_33 1-16,text,true,,382,247,38,38,http://5.75.203.123:5005/user_info_3,231,0,85
1679751531546,208,user_info_3,200,OK,group_33 1-23,text,true,,382,247,38,38,http://5.75.203.123:5005/user_info_3,208,0,87
1679751531547,212,user_info_3,200,OK,group_33 1-32,text,true,,382,247,36,36,http://5.75.203.123:5005/user_info_3,212,0,89
1679751531546,213,user_info_3,200,OK,group_33 1-17,text,true,,382,247,36,36,http://5.75.203.123:5005/user_info_3,213,0,87
1679751531546,214,user_info_3,200,OK,group_33 1-25,text,true,,382,247,36,36,http://5.75.203.123:5005/user_info_3,214,0,90
1679751531570,235,user_info_3,200,OK,group_33 1-33,text,true,,382,247,38,38,http://5.75.203.123:5005/user_info_3,235,0,152
1679751531470,369,user_info_3,200,OK,group_33 1-2,text,true,,382,247,40,40,http://5.75.203.123:5005/user_info_3,369,0,53
1679751531581,260,user_info_3,200,OK,group_33 1-26,text,true,,382,247,40,40,http://5.75.203.123:5005/user_info_3,260,0,149
1679751531588,253,user_info_3,200,OK,group_33 1-10,text,true,,382,247,40,40,http://5.75.203.123:5005/user_info_3,253,0,142
1679751531588,254,user_info_3,200,OK,group_33 1-11,text,true,,382,247,39,39,http://5.75.203.123:5005/user_info_3,254,0,152
1679751531588,254,user_info_3,200,OK,group_33 1-34,text,true,,382,247,39,39,http://5.75.203.123:5005/user_info_3,254,0,152
1679751531574,268,user_info_3,200,OK,group_33 1-18,text,true,,382,247,39,39,http://5.75.203.123:5005/user_info_3,268,0,156
1679751531574,274,user_info_3,200,OK,group_33 1-12,text,true,,382,247,39,39,http://5.75.203.123:5005/user_info_3,274,0,156
1679751531609,240,user_info_3,200,OK,group_33 1-19,text,true,,382,247,39,39,http://5.75.203.123:5005/user_info_3,239,0,136
1679751531581,268,user_info_3,200,OK,group_33 1-24,text,true,,382,247,39,39,http://5.75.203.123:5005/user_info_3,268,0,159
1679751531581,268,user_info_3,200,OK,group_33 1-8,text,true,,382,247,39,39,http://5.75.203.123:5005/user_info_3,268,0,159
1679751531609,241,user_info_3,200,OK,group_33 1-28,text,true,,382,247,38,38,http://5.75.203.123:5005/user_info_3,241,0,136
1679751531609,241,user_info_3,200,OK,group_33 1-9,text,true,,382,247,38,38,http://5.75.203.123:5005/user_info_3,241,0,136
1679751531710,142,user_info_3,200,OK,group_33 1-40,text,true,,382,247,38,38,http://5.75.203.123:5005/user_info_3,142,0,41
1679751531671,181,user_info_3,200,OK,group_33 1-38,text,true,,382,247,38,38,http://5.75.203.123:5005/user_info_3,181,0,78
1679751531592,260,user_info_3,200,OK,group_33 1-27,text,true,,382,247,38,38,http://5.75.203.123:5005/user_info_3,260,0,157
1679751531607,246,user_info_3,200,OK,group_33 1-35,text,true,,382,247,38,38,http://5.75.203.123:5005/user_info_3,246,0,142
1679751531629,224,user_info_3,200,OK,group_33 1-36,text,true,,382,247,38,38,http://5.75.203.123:5005/user_info_3,224,0,121
1679751531689,165,user_info_3,200,OK,group_33 1-39,text,true,,382,247,38,38,http://5.75.203.123:5005/user_info_3,165,0,62
1679751531648,207,user_info_3,200,OK,group_33 1-37,text,true,,382,247,38,38,http://5.75.203.123:5005/user_info_3,207,0,105
1679751531482,426,user_info_3,200,OK,group_33 1-20,text,true,,382,247,41,41,http://5.75.203.123:5005/user_info_3,426,0,70
1679751531482,426,user_info_3,200,OK,group_33 1-13,text,true,,382,247,41,41,http://5.75.203.123:5005/user_info_3,426,0,70
1679751531745,214,user_info_3,200,OK,group_33 1-30,text,true,,382,247,41,41,http://5.75.203.123:5005/user_info_3,214,0,103
1679751531731,228,user_info_3,200,OK,group_33 1-21,text,true,,382,247,41,41,http://5.75.203.123:5005/user_info_3,228,0,110
1679751531731,229,user_info_3,200,OK,group_33 1-41,text,true,,382,247,41,41,http://5.75.203.123:5005/user_info_3,229,0,110
1679751531751,210,user_info_3,200,OK,group_33 1-31,text,true,,382,247,41,41,http://5.75.203.123:5005/user_info_3,210,0,101
1679751531749,212,user_info_3,200,OK,group_33 1-15,text,true,,382,247,41,41,http://5.75.203.123:5005/user_info_3,212,0,101
1679751531749,212,user_info_3,200,OK,group_33 1-14,text,true,,382,247,41,41,http://5.75.203.123:5005/user_info_3,212,0,100
1679751531751,211,user_info_3,200,OK,group_33 1-29,text,true,,382,247,41,41,http://5.75.203.123:5005/user_info_3,211,0,103
1679751531754,208,user_info_3,200,OK,group_33 1-22,text,true,,382,247,41,41,http://5.75.203.123:5005/user_info_3,208,0,101
1679751531754,208,user_info_3,200,OK,group_33 1-16,text,true,,382,247,41,41,http://5.75.203.123:5005/user_info_3,208,0,100
1679751531755,207,user_info_3,200,OK,group_33 1-23,text,true,,382,247,41,41,http://5.75.203.123:5005/user_info_3,207,0,100
1679751531752,231,user_info_3,200,OK,group_33 1-42,text,true,,382,247,41,41,http://5.75.203.123:5005/user_info_3,231,0,103
1679751531760,223,user_info_3,200,OK,group_33 1-25,text,true,,382,247,41,41,http://5.75.203.123:5005/user_info_3,223,0,146
1679751531760,243,user_info_3,200,OK,group_33 1-17,text,true,,382,247,41,41,http://5.75.203.123:5005/user_info_3,243,0,148
1679751531770,242,user_info_3,200,OK,group_33 1-43,text,true,,382,247,41,41,http://5.75.203.123:5005/user_info_3,242,0,138
1679751531806,206,user_info_3,200,OK,group_33 1-33,text,true,,382,247,41,41,http://5.75.203.123:5005/user_info_3,206,0,102
1679751531831,182,user_info_3,200,OK,group_33 1-46,text,true,,382,247,41,41,http://5.75.203.123:5005/user_info_3,182,0,77
1679751531808,205,user_info_3,200,OK,group_33 1-45,text,true,,382,247,41,41,http://5.75.203.123:5005/user_info_3,205,0,109
1679751531788,235,user_info_3,200,OK,group_33 1-44,text,true,,382,247,41,41,http://5.75.203.123:5005/user_info_3,235,0,129
1679751531760,263,user_info_3,200,OK,group_33 1-32,text,true,,382,247,41,41,http://5.75.203.123:5005/user_info_3,263,0,157
1679751531842,182,user_info_3,200,OK,group_33 1-18,text,true,,382,247,41,41,http://5.75.203.123:5005/user_info_3,181,0,82
1679751531842,202,user_info_3,200,OK,group_33 1-34,text,true,,382,247,41,41,http://5.75.203.123:5005/user_info_3,201,0,82
1679751531849,195,user_info_3,200,OK,group_33 1-19,text,true,,382,247,41,41,http://5.75.203.123:5005/user_info_3,195,0,110
1679751531851,203,user_info_3,200,OK,group_33 1-47,text,true,,382,247,41,41,http://5.75.203.123:5005/user_info_3,203,0,108
1679751531839,215,user_info_3,200,OK,group_33 1-2,text,true,,382,247,41,41,http://5.75.203.123:5005/user_info_3,215,0,85
1679751531849,206,user_info_3,200,OK,group_33 1-24,text,true,,382,247,41,41,http://5.75.203.123:5005/user_info_3,205,0,110
1679751531849,206,user_info_3,200,OK,group_33 1-12,text,true,,382,247,40,40,http://5.75.203.123:5005/user_info_3,206,0,110
1679751531850,206,user_info_3,200,OK,group_33 1-28,text,true,,382,247,40,40,http://5.75.203.123:5005/user_info_3,206,0,109
1679751531852,205,user_info_3,200,OK,group_33 1-40,text,true,,382,247,39,39,http://5.75.203.123:5005/user_info_3,205,0,108
1679751531854,203,user_info_3,200,OK,group_33 1-36,text,true,,382,247,39,39,http://5.75.203.123:5005/user_info_3,202,0,106
1679751531852,204,user_info_3,200,OK,group_33 1-38,text,true,,382,247,39,39,http://5.75.203.123:5005/user_info_3,204,0,107
1679751531852,206,user_info_3,200,OK,group_33 1-27,text,true,,382,247,39,39,http://5.75.203.123:5005/user_info_3,206,0,108
1679751531853,205,user_info_3,200,OK,group_33 1-35,text,true,,382,247,39,39,http://5.75.203.123:5005/user_info_3,205,0,108
1679751531842,214,user_info_3,200,OK,group_33 1-11,text,true,,382,247,39,39,http://5.75.203.123:5005/user_info_3,214,0,117
1679751531841,215,user_info_3,200,OK,group_33 1-26,text,true,,382,247,40,40,http://5.75.203.123:5005/user_info_3,214,0,118
1679751531854,226,user_info_3,200,OK,group_33 1-39,text,true,,382,247,39,39,http://5.75.203.123:5005/user_info_3,226,0,107
1679751531855,225,user_info_3,200,OK,group_33 1-37,text,true,,382,247,39,39,http://5.75.203.123:5005/user_info_3,225,0,107
1679751531887,212,user_info_3,200,OK,group_33 1-49,text,true,,382,247,39,39,http://5.75.203.123:5005/user_info_3,212,0,96
1679751531908,191,user_info_3,200,OK,group_33 1-13,text,true,,382,247,39,39,http://5.75.203.123:5005/user_info_3,191,0,95
1679751531868,231,user_info_3,200,OK,group_33 1-48,text,true,,382,247,39,39,http://5.75.203.123:5005/user_info_3,231,0,115
1679751531908,210,user_info_3,200,OK,group_33 1-50,text,true,,382,247,39,39,http://5.75.203.123:5005/user_info_3,210,0,95
1679751531908,223,user_info_3,200,OK,group_33 1-20,text,true,,382,247,39,39,http://5.75.203.123:5005/user_info_3,222,0,104
1679751531960,297,user_info_3,200,OK,group_33 1-41,text,true,,382,247,39,39,http://5.75.203.123:5005/user_info_3,297,0,97
1679751531961,297,user_info_3,200,OK,group_33 1-15,text,true,,382,247,39,39,http://5.75.203.123:5005/user_info_3,297,0,119
1679751531961,298,user_info_3,200,OK,group_33 1-14,text,true,,382,247,38,38,http://5.75.203.123:5005/user_info_3,298,0,119
1679751531959,300,user_info_3,200,OK,group_33 1-21,text,true,,382,247,37,37,http://5.75.203.123:5005/user_info_3,300,0,99
1679751531959,301,user_info_3,200,OK,group_33 1-30,text,true,,382,247,37,37,http://5.75.203.123:5005/user_info_3,300,0,98
1679751531962,302,user_info_3,200,OK,group_33 1-29,text,true,,382,247,37,37,http://5.75.203.123:5005/user_info_3,301,0,119
1679751531962,302,user_info_3,200,OK,group_33 1-23,text,true,,382,247,37,37,http://5.75.203.123:5005/user_info_3,302,0,118
1679751531962,302,user_info_3,200,OK,group_33 1-16,text,true,,382,247,37,37,http://5.75.203.123:5005/user_info_3,302,0,119
1679751531961,303,user_info_3,200,OK,group_33 1-31,text,true,,382,247,37,37,http://5.75.203.123:5005/user_info_3,303,0,120
1679751531962,303,user_info_3,200,OK,group_33 1-22,text,true,,382,247,36,36,http://5.75.203.123:5005/user_info_3,303,0,119
1679751531984,281,user_info_3,200,OK,group_33 1-25,text,true,,382,247,36,36,http://5.75.203.123:5005/user_info_3,281,0,98
1679751532012,253,user_info_3,200,OK,group_33 1-33,text,true,,382,247,36,36,http://5.75.203.123:5005/user_info_3,253,0,118
1679751531983,283,user_info_3,200,OK,group_33 1-42,text,true,,382,247,36,36,http://5.75.203.123:5005/user_info_3,283,0,116
1679751532024,242,user_info_3,200,OK,group_33 1-32,text,true,,382,247,36,36,http://5.75.203.123:5005/user_info_3,242,0,117
1679751532013,253,user_info_3,200,OK,group_33 1-46,text,true,,382,247,36,36,http://5.75.203.123:5005/user_info_3,253,0,117
1679751532024,242,user_info_3,200,OK,group_33 1-44,text,true,,382,247,36,36,http://5.75.203.123:5005/user_info_3,242,0,117
1679751532003,264,user_info_3,200,OK,group_33 1-17,text,true,,382,247,36,36,http://5.75.203.123:5005/user_info_3,264,0,116
1679751532013,254,user_info_3,200,OK,group_33 1-45,text,true,,382,247,36,36,http://5.75.203.123:5005/user_info_3,254,0,118
1679751532012,255,user_info_3,200,OK,group_33 1-43,text,true,,382,247,35,35,http://5.75.203.123:5005/user_info_3,255,0,119
1679751532024,243,user_info_3,200,OK,group_33 1-18,text,true,,382,247,35,35,http://5.75.203.123:5005/user_info_3,243,0,123
1679751532044,235,user_info_3,200,OK,group_33 1-34,text,true,,382,247,34,34,http://5.75.203.123:5005/user_info_3,235,0,158
1679751532044,236,user_info_3,200,OK,group_33 1-19,text,true,,382,247,34,34,http://5.75.203.123:5005/user_info_3,236,0,171
1679751532055,234,user_info_3,200,OK,group_33 1-24,text,true,,382,247,33,33,http://5.75.203.123:5005/user_info_3,234,0,161
1679751532058,287,user_info_3,200,OK,group_33 1-27,text,true,,382,247,33,33,http://5.75.203.123:5005/user_info_3,287,0,192
1679751532057,324,user_info_3,200,OK,group_33 1-40,text,true,,382,247,33,33,http://5.75.203.123:5005/user_info_3,324,0,193
1679751532099,322,user_info_3,200,OK,group_33 1-13,text,true,,382,247,33,33,http://5.75.203.123:5005/user_info_3,322,0,160
1679751532054,368,user_info_3,200,OK,group_33 1-47,text,true,,382,247,32,32,http://5.75.203.123:5005/user_info_3,368,0,196
1679751532099,323,user_info_3,200,OK,group_33 1-49,text,true,,382,247,32,32,http://5.75.203.123:5005/user_info_3,323,0,160
1679751532080,342,user_info_3,200,OK,group_33 1-39,text,true,,382,247,32,32,http://5.75.203.123:5005/user_info_3,342,0,178
1679751532059,364,user_info_3,200,OK,group_33 1-11,text,true,,382,247,32,32,http://5.75.203.123:5005/user_info_3,364,0,199
1679751532057,366,user_info_3,200,OK,group_33 1-36,text,true,,382,247,32,32,http://5.75.203.123:5005/user_info_3,366,0,200
1679751532058,367,user_info_3,200,OK,group_33 1-35,text,true,,382,247,31,31,http://5.75.203.123:5005/user_info_3,366,0,200
1679751532080,345,user_info_3,200,OK,group_33 1-37,text,true,,382,247,31,31,http://5.75.203.123:5005/user_info_3,345,0,179
1679751532131,295,user_info_3,200,OK,group_33 1-20,text,true,,382,247,31,31,http://5.75.203.123:5005/user_info_3,295,0,130
1679751532057,369,user_info_3,200,OK,group_33 1-28,text,true,,382,247,31,31,http://5.75.203.123:5005/user_info_3,369,0,201
1679751532099,328,user_info_3,200,OK,group_33 1-48,text,true,,382,247,31,31,http://5.75.203.123:5005/user_info_3,328,0,161
1679751532118,317,user_info_3,200,OK,group_33 1-50,text,true,,382,247,31,31,http://5.75.203.123:5005/user_info_3,317,0,145
1679751532257,236,user_info_3,200,OK,group_33 1-41,text,true,,382,247,31,31,http://5.75.203.123:5005/user_info_3,236,0,142
1679751532260,233,user_info_3,200,OK,group_33 1-21,text,true,,382,247,31,31,http://5.75.203.123:5005/user_info_3,233,0,139
1679751532264,242,user_info_3,200,OK,group_33 1-31,text,true,,382,247,30,30,http://5.75.203.123:5005/user_info_3,242,0,158
1679751532264,242,user_info_3,200,OK,group_33 1-29,text,true,,382,247,30,30,http://5.75.203.123:5005/user_info_3,241,0,158
1679751532260,246,user_info_3,200,OK,group_33 1-30,text,true,,382,247,30,30,http://5.75.203.123:5005/user_info_3,246,0,161
1679751532266,248,user_info_3,200,OK,group_33 1-42,text,true,,382,247,30,30,http://5.75.203.123:5005/user_info_3,248,0,158
1679751532267,247,user_info_3,200,OK,group_33 1-45,text,true,,382,247,30,30,http://5.75.203.123:5005/user_info_3,247,0,158
1679751532264,251,user_info_3,200,OK,group_33 1-23,text,true,,382,247,30,30,http://5.75.203.123:5005/user_info_3,251,0,160
1679751532266,250,user_info_3,200,OK,group_33 1-33,text,true,,382,247,29,29,http://5.75.203.123:5005/user_info_3,250,0,159
1679751532265,251,user_info_3,200,OK,group_33 1-25,text,true,,382,247,29,29,http://5.75.203.123:5005/user_info_3,251,0,159
1679751532265,251,user_info_3,200,OK,group_33 1-22,text,true,,382,247,28,28,http://5.75.203.123:5005/user_info_3,251,0,160
1679751532266,251,user_info_3,200,OK,group_33 1-46,text,true,,382,247,27,27,http://5.75.203.123:5005/user_info_3,251,0,160
1679751532267,253,user_info_3,200,OK,group_33 1-44,text,true,,382,247,27,27,http://5.75.203.123:5005/user_info_3,253,0,159
1679751532266,254,user_info_3,200,OK,group_33 1-32,text,true,,382,247,27,27,http://5.75.203.123:5005/user_info_3,254,0,160
1679751532267,267,user_info_3,200,OK,group_33 1-43,text,true,,382,247,27,27,http://5.75.203.123:5005/user_info_3,267,0,160
1679751532280,453,user_info_3,200,OK,group_33 1-34,text,true,,382,247,27,27,http://5.75.203.123:5005/user_info_3,453,0,155
1679751532382,351,user_info_3,200,OK,group_33 1-40,text,true,,382,247,27,27,http://5.75.203.123:5005/user_info_3,351,0,94
1679751532422,314,user_info_3,200,OK,group_33 1-49,text,true,,382,247,27,27,http://5.75.203.123:5005/user_info_3,314,0,71
1679751532422,330,user_info_3,200,OK,group_33 1-47,text,true,,382,247,27,27,http://5.75.203.123:5005/user_info_3,330,0,84
1679751532345,407,user_info_3,200,OK,group_33 1-27,text,true,,382,247,27,27,http://5.75.203.123:5005/user_info_3,407,0,90
1679751532423,330,user_info_3,200,OK,group_33 1-39,text,true,,382,247,26,26,http://5.75.203.123:5005/user_info_3,330,0,84
1679751532424,329,user_info_3,200,OK,group_33 1-36,text,true,,382,247,26,26,http://5.75.203.123:5005/user_info_3,329,0,90
1679751532425,329,user_info_3,200,OK,group_33 1-37,text,true,,382,247,26,26,http://5.75.203.123:5005/user_info_3,328,0,95
1679751532425,331,user_info_3,200,OK,group_33 1-35,text,true,,382,247,26,26,http://5.75.203.123:5005/user_info_3,330,0,91
1679751532059,747,user_info_3,200,OK,group_33 1-26,text,true,,382,247,26,26,http://5.75.203.123:5005/user_info_3,747,0,191
1679751532435,388,user_info_3,200,OK,group_33 1-50,text,true,,382,247,26,26,http://5.75.203.123:5005/user_info_3,388,0,297
1679751532493,331,user_info_3,200,OK,group_33 1-41,text,true,,382,247,26,26,http://5.75.203.123:5005/user_info_3,331,0,239
1679751532506,318,user_info_3,200,OK,group_33 1-30,text,true,,382,247,26,26,http://5.75.203.123:5005/user_info_3,318,0,226
1679751532506,319,user_info_3,200,OK,group_33 1-29,text,true,,382,247,25,25,http://5.75.203.123:5005/user_info_3,319,0,227
1679751532514,311,user_info_3,200,OK,group_33 1-42,text,true,,382,247,25,25,http://5.75.203.123:5005/user_info_3,311,0,222
1679751532516,309,user_info_3,200,OK,group_33 1-33,text,true,,382,247,24,24,http://5.75.203.123:5005/user_info_3,309,0,220
1679751532506,319,user_info_3,200,OK,group_33 1-31,text,true,,382,247,24,24,http://5.75.203.123:5005/user_info_3,319,0,230
1679751532534,309,user_info_3,200,OK,group_33 1-43,text,true,,382,247,22,22,http://5.75.203.123:5005/user_info_3,309,0,219
1679751532515,331,user_info_3,200,OK,group_33 1-45,text,true,,382,247,22,22,http://5.75.203.123:5005/user_info_3,331,0,238
1679751532521,334,user_info_3,200,OK,group_33 1-32,text,true,,382,247,22,22,http://5.75.203.123:5005/user_info_3,334,0,233
1679751532289,636,user_info_3,200,OK,group_33 1-24,text,true,,382,247,21,21,http://5.75.203.123:5005/user_info_3,636,0,137
1679751532733,192,user_info_3,200,OK,group_33 1-34,text,true,,382,247,21,21,http://5.75.203.123:5005/user_info_3,192,0,90
1679751532736,199,user_info_3,200,OK,group_33 1-49,text,true,,382,247,19,19,http://5.75.203.123:5005/user_info_3,198,0,89
1679751532754,181,user_info_3,200,OK,group_33 1-37,text,true,,382,247,19,19,http://5.75.203.123:5005/user_info_3,181,0,102
1679751532754,185,user_info_3,200,OK,group_33 1-36,text,true,,382,247,18,18,http://5.75.203.123:5005/user_info_3,185,0,104
1679751532733,207,user_info_3,200,OK,group_33 1-40,text,true,,382,247,18,18,http://5.75.203.123:5005/user_info_3,207,0,91
1679751532752,189,user_info_3,200,OK,group_33 1-47,text,true,,382,247,18,18,http://5.75.203.123:5005/user_info_3,188,0,90
1679751532753,188,user_info_3,200,OK,group_33 1-39,text,true,,382,247,17,17,http://5.75.203.123:5005/user_info_3,188,0,104
1679751532756,221,user_info_3,200,OK,group_33 1-35,text,true,,382,247,15,15,http://5.75.203.123:5005/user_info_3,221,0,167
1679751532806,177,user_info_3,200,OK,group_33 1-26,text,true,,382,247,14,14,http://5.75.203.123:5005/user_info_3,177,0,118
1679751532824,178,user_info_3,200,OK,group_33 1-50,text,true,,382,247,13,13,http://5.75.203.123:5005/user_info_3,178,0,108
1679751532825,177,user_info_3,200,OK,group_33 1-42,text,true,,382,247,13,13,http://5.75.203.123:5005/user_info_3,177,0,107
1679751532846,158,user_info_3,200,OK,group_33 1-45,text,true,,382,247,12,12,http://5.75.203.123:5005/user_info_3,158,0,86
1679751532843,161,user_info_3,200,OK,group_33 1-43,text,true,,382,247,12,12,http://5.75.203.123:5005/user_info_3,161,0,92
1679751532824,181,user_info_3,200,OK,group_33 1-41,text,true,,382,247,11,11,http://5.75.203.123:5005/user_info_3,181,0,111
1679751532935,264,user_info_3,200,OK,group_33 1-49,text,true,,382,247,9,9,http://5.75.203.123:5005/user_info_3,264,0,69
1679751532941,258,user_info_3,200,OK,group_33 1-47,text,true,,382,247,8,8,http://5.75.203.123:5005/user_info_3,258,0,63
1679751532058,1166,user_info_3,200,OK,group_33 1-38,text,true,,382,247,7,7,http://5.75.203.123:5005/user_info_3,1166,0,1130
1679751533002,232,user_info_3,200,OK,group_33 1-50,text,true,,382,247,7,7,http://5.75.203.123:5005/user_info_3,232,0,192
1679751533225,85,user_info_3,200,OK,group_33 1-38,text,true,,382,247,6,6,http://5.75.203.123:5005/user_info_3,85,0,43
1679751532521,846,user_info_3,200,OK,group_33 1-44,text,true,,382,247,6,6,http://5.75.203.123:5005/user_info_3,846,0,234
1679751533311,82,user_info_3,200,OK,group_33 1-38,text,true,,382,247,6,6,http://5.75.203.123:5005/user_info_3,82,0,40
1679751533368,80,user_info_3,200,OK,group_33 1-44,text,true,,382,247,5,5,http://5.75.203.123:5005/user_info_3,80,0,38
1679751532427,1068,user_info_3,200,OK,group_33 1-48,text,true,,382,247,4,4,http://5.75.203.123:5005/user_info_3,1068,0,1033
1679751532426,1077,user_info_3,200,OK,group_33 1-20,text,true,,382,247,4,4,http://5.75.203.123:5005/user_info_3,1077,0,1044
1679751532426,1085,user_info_3,200,OK,group_33 1-28,text,true,,382,247,3,3,http://5.75.203.123:5005/user_info_3,1085,0,1040
1679751533496,70,user_info_3,200,OK,group_33 1-48,text,true,,382,247,2,2,http://5.75.203.123:5005/user_info_3,70,0,35
1679751532517,1062,user_info_3,200,OK,group_33 1-46,text,true,,382,247,2,2,http://5.75.203.123:5005/user_info_3,1062,0,1030
1679751533566,85,user_info_3,200,OK,group_33 1-48,text,true,,382,247,2,2,http://5.75.203.123:5005/user_info_3,85,0,40
1679751533580,72,user_info_3,200,OK,group_33 1-46,text,true,,382,247,2,2,http://5.75.203.123:5005/user_info_3,72,0,34
1679751550341,83,user_info_3,200,OK,group_33 1-1,text,true,,382,247,21,21,http://5.75.203.123:5005/user_info_3,82,0,35
1679751550346,93,user_info_3,200,OK,group_33 1-2,text,true,,382,247,24,24,http://5.75.203.123:5005/user_info_3,92,0,43
1679751550350,93,user_info_3,200,OK,group_33 1-3,text,true,,382,247,24,24,http://5.75.203.123:5005/user_info_3,93,0,42
1679751550353,111,user_info_3,200,OK,group_33 1-4,text,true,,382,247,28,28,http://5.75.203.123:5005/user_info_3,111,0,47
1679751550358,106,user_info_3,200,OK,group_33 1-5,text,true,,382,247,28,28,http://5.75.203.123:5005/user_info_3,106,0,42
1679751550362,106,user_info_3,200,OK,group_33 1-6,text,true,,382,247,27,27,http://5.75.203.123:5005/user_info_3,106,0,45
1679751550372,119,user_info_3,200,OK,group_33 1-8,text,true,,382,247,32,32,http://5.75.203.123:5005/user_info_3,119,0,40
1679751550392,99,user_info_3,200,OK,group_33 1-13,text,true,,382,247,31,31,http://5.75.203.123:5005/user_info_3,99,0,45
1679751550394,111,user_info_3,200,OK,group_33 1-14,text,true,,382,247,32,32,http://5.75.203.123:5005/user_info_3,111,0,43
1679751550384,121,user_info_3,200,OK,group_33 1-11,text,true,,382,247,32,32,http://5.75.203.123:5005/user_info_3,121,0,43
1679751550365,141,user_info_3,200,OK,group_33 1-7,text,true,,382,247,31,31,http://5.75.203.123:5005/user_info_3,140,0,46
1679751550378,137,user_info_3,200,OK,group_33 1-10,text,true,,382,247,33,33,http://5.75.203.123:5005/user_info_3,137,0,49
1679751550376,139,user_info_3,200,OK,group_33 1-9,text,true,,382,247,33,33,http://5.75.203.123:5005/user_info_3,139,0,51
1679751550387,128,user_info_3,200,OK,group_33 1-12,text,true,,382,247,33,33,http://5.75.203.123:5005/user_info_3,128,0,50
1679751550397,118,user_info_3,200,OK,group_33 1-15,text,true,,382,247,33,33,http://5.75.203.123:5005/user_info_3,118,0,43
1679751550402,245,user_info_3,200,OK,group_33 1-16,text,true,,382,247,62,62,http://5.75.203.123:5005/user_info_3,245,0,62
1679751550424,235,user_info_3,200,OK,group_33 1-21,text,true,,382,247,64,64,http://5.75.203.123:5005/user_info_3,235,0,62
1679751550413,272,user_info_3,200,OK,group_33 1-19,text,true,,382,247,69,69,http://5.75.203.123:5005/user_info_3,271,0,73
1679751550429,256,user_info_3,200,OK,group_33 1-22,text,true,,382,247,69,69,http://5.75.203.123:5005/user_info_3,256,0,58
1679751550436,249,user_info_3,200,OK,group_33 1-24,text,true,,382,247,69,69,http://5.75.203.123:5005/user_info_3,249,0,51
1679751550410,275,user_info_3,200,OK,group_33 1-18,text,true,,382,247,68,68,http://5.75.203.123:5005/user_info_3,275,0,57
1679751550439,246,user_info_3,200,OK,group_33 1-25,text,true,,382,247,68,68,http://5.75.203.123:5005/user_info_3,246,0,66
1679751550417,269,user_info_3,200,OK,group_33 1-20,text,true,,382,247,68,68,http://5.75.203.123:5005/user_info_3,269,0,74
1679751550456,247,user_info_3,200,OK,group_33 1-29,text,true,,382,247,68,68,http://5.75.203.123:5005/user_info_3,247,0,59
1679751550454,250,user_info_3,200,OK,group_33 1-28,text,true,,382,247,68,68,http://5.75.203.123:5005/user_info_3,249,0,61
1679751550458,246,user_info_3,200,OK,group_33 1-30,text,true,,382,247,67,67,http://5.75.203.123:5005/user_info_3,246,0,58
1679751550430,275,user_info_3,200,OK,group_33 1-23,text,true,,382,247,67,67,http://5.75.203.123:5005/user_info_3,274,0,75
1679751550462,243,user_info_3,200,OK,group_33 1-31,text,true,,382,247,66,66,http://5.75.203.123:5005/user_info_3,243,0,55
1679751550445,260,user_info_3,200,OK,group_33 1-26,text,true,,382,247,65,65,http://5.75.203.123:5005/user_info_3,260,0,72
1679751550450,255,user_info_3,200,OK,group_33 1-27,text,true,,382,247,65,65,http://5.75.203.123:5005/user_info_3,255,0,67
1679751550475,268,user_info_3,200,OK,group_33 1-34,text,true,,382,247,71,71,http://5.75.203.123:5005/user_info_3,268,0,175
1679751550491,252,user_info_3,200,OK,group_33 1-38,text,true,,382,247,71,71,http://5.75.203.123:5005/user_info_3,252,0,168
1679751550481,262,user_info_3,200,OK,group_33 1-36,text,true,,382,247,69,69,http://5.75.203.123:5005/user_info_3,262,0,171
1679751550466,280,user_info_3,200,OK,group_33 1-32,text,true,,382,247,69,69,http://5.75.203.123:5005/user_info_3,280,0,193
1679751550498,301,user_info_3,200,OK,group_33 1-40,text,true,,382,247,80,80,http://5.75.203.123:5005/user_info_3,301,0,186
1679751550473,326,user_info_3,200,OK,group_33 1-33,text,true,,382,247,80,80,http://5.75.203.123:5005/user_info_3,326,0,211
1679751550509,292,user_info_3,200,OK,group_33 1-43,text,true,,382,247,78,78,http://5.75.203.123:5005/user_info_3,292,0,175
1679751550519,297,user_info_3,200,OK,group_33 1-45,text,true,,382,247,82,82,http://5.75.203.123:5005/user_info_3,297,0,166
1679751550526,290,user_info_3,200,OK,group_33 1-47,text,true,,382,247,82,82,http://5.75.203.123:5005/user_info_3,290,0,159
1679751550540,279,user_info_3,200,OK,group_33 1-50,text,true,,382,247,81,81,http://5.75.203.123:5005/user_info_3,279,0,145
1679751550571,248,user_info_3,200,OK,group_33 1-58,text,true,,382,247,80,80,http://5.75.203.123:5005/user_info_3,248,0,114
1679751550506,313,user_info_3,200,OK,group_33 1-42,text,true,,382,247,80,80,http://5.75.203.123:5005/user_info_3,313,0,179
1679751550491,331,user_info_3,200,OK,group_33 1-37,text,true,,382,247,78,78,http://5.75.203.123:5005/user_info_3,331,0,193
1679751550514,308,user_info_3,200,OK,group_33 1-44,text,true,,382,247,78,78,http://5.75.203.123:5005/user_info_3,308,0,171
1679751550593,229,user_info_3,200,OK,group_33 1-63,text,true,,382,247,78,78,http://5.75.203.123:5005/user_info_3,229,0,92
1679751550554,274,user_info_3,200,OK,group_33 1-54,text,true,,382,247,77,77,http://5.75.203.123:5005/user_info_3,274,0,131
1679751550507,321,user_info_3,200,OK,group_33 1-41,text,true,,382,247,77,77,http://5.75.203.123:5005/user_info_3,321,0,178
1679751550558,270,user_info_3,200,OK,group_33 1-55,text,true,,382,247,77,77,http://5.75.203.123:5005/user_info_3,270,0,127
1679751550542,286,user_info_3,200,OK,group_33 1-51,text,true,,382,247,77,77,http://5.75.203.123:5005/user_info_3,286,0,143
1679751550529,305,user_info_3,200,OK,group_33 1-48,text,true,,382,247,74,74,http://5.75.203.123:5005/user_info_3,305,0,157
1679751550522,350,user_info_3,200,OK,group_33 1-46,text,true,,382,247,83,83,http://5.75.203.123:5005/user_info_3,350,0,164
1679751550606,268,user_info_3,200,OK,group_33 1-66,text,true,,382,247,83,83,http://5.75.203.123:5005/user_info_3,268,0,80
1679751550545,330,user_info_3,200,OK,group_33 1-52,text,true,,382,247,82,82,http://5.75.203.123:5005/user_info_3,330,0,141
1679751550564,311,user_info_3,200,OK,group_33 1-56,text,true,,382,247,82,82,http://5.75.203.123:5005/user_info_3,311,0,122
1679751550550,325,user_info_3,200,OK,group_33 1-53,text,true,,382,247,82,82,http://5.75.203.123:5005/user_info_3,325,0,153
1679751550578,348,user_info_3,200,OK,group_33 1-60,text,true,,382,247,92,92,http://5.75.203.123:5005/user_info_3,348,0,126
1679751550588,340,user_info_3,200,OK,group_33 1-61,text,true,,382,247,91,91,http://5.75.203.123:5005/user_info_3,340,0,116
1679751550575,353,user_info_3,200,OK,group_33 1-59,text,true,,382,247,91,91,http://5.75.203.123:5005/user_info_3,353,0,128
1679751550636,292,user_info_3,200,OK,group_33 1-74,text,true,,382,247,91,91,http://5.75.203.123:5005/user_info_3,292,0,91
1679751550643,285,user_info_3,200,OK,group_33 1-76,text,true,,382,247,91,91,http://5.75.203.123:5005/user_info_3,285,0,84
1679751550619,310,user_info_3,200,OK,group_33 1-69,text,true,,382,247,89,89,http://5.75.203.123:5005/user_info_3,309,0,108
1679751550631,299,user_info_3,200,OK,group_33 1-73,text,true,,382,247,89,89,http://5.75.203.123:5005/user_info_3,299,0,96
1679751550626,304,user_info_3,200,OK,group_33 1-72,text,true,,382,247,89,89,http://5.75.203.123:5005/user_info_3,304,0,102
1679751550653,278,user_info_3,200,OK,group_33 1-78,text,true,,382,247,88,88,http://5.75.203.123:5005/user_info_3,278,0,87
1679751550646,285,user_info_3,200,OK,group_33 1-77,text,true,,382,247,88,88,http://5.75.203.123:5005/user_info_3,285,0,94
1679751550639,292,user_info_3,200,OK,group_33 1-75,text,true,,382,247,86,86,http://5.75.203.123:5005/user_info_3,292,0,101
1679751550622,309,user_info_3,200,OK,group_33 1-71,text,true,,382,247,86,86,http://5.75.203.123:5005/user_info_3,309,0,118
1679751550621,310,user_info_3,200,OK,group_33 1-70,text,true,,382,247,86,86,http://5.75.203.123:5005/user_info_3,310,0,119
1679751550682,250,user_info_3,200,OK,group_33 1-86,text,true,,382,247,84,84,http://5.75.203.123:5005/user_info_3,250,0,111
1679751550667,265,user_info_3,200,OK,group_33 1-82,text,true,,382,247,84,84,http://5.75.203.123:5005/user_info_3,265,0,126
1679751550659,273,user_info_3,200,OK,group_33 1-80,text,true,,382,247,84,84,http://5.75.203.123:5005/user_info_3,273,0,86
1679751550679,253,user_info_3,200,OK,group_33 1-85,text,true,,382,247,85,85,http://5.75.203.123:5005/user_info_3,253,0,107
1679751550656,275,user_info_3,200,OK,group_33 1-79,text,true,,382,247,85,85,http://5.75.203.123:5005/user_info_3,275,0,87
1679751550702,321,user_info_3,200,OK,group_33 1-91,text,true,,382,247,97,97,http://5.75.203.123:5005/user_info_3,320,0,172
1679751550687,337,user_info_3,200,OK,group_33 1-87,text,true,,382,247,97,97,http://5.75.203.123:5005/user_info_3,337,0,188
1679751550714,310,user_info_3,200,OK,group_33 1-94,text,true,,382,247,97,97,http://5.75.203.123:5005/user_info_3,310,0,185
1679751550697,327,user_info_3,200,OK,group_33 1-89,text,true,,382,247,97,97,http://5.75.203.123:5005/user_info_3,327,0,178
1679751550706,318,user_info_3,200,OK,group_33 1-92,text,true,,382,247,97,97,http://5.75.203.123:5005/user_info_3,318,0,193
1679751550730,294,user_info_3,200,OK,group_33 1-98,text,true,,382,247,97,97,http://5.75.203.123:5005/user_info_3,294,0,195
1679751550741,283,user_info_3,200,OK,group_33 1-101,text,true,,382,247,96,96,http://5.75.203.123:5005/user_info_3,283,0,187
1679751550719,305,user_info_3,200,OK,group_33 1-95,text,true,,382,247,95,95,http://5.75.203.123:5005/user_info_3,305,0,207
1679751550725,300,user_info_3,200,OK,group_33 1-97,text,true,,382,247,94,94,http://5.75.203.123:5005/user_info_3,300,0,203
1679751550722,303,user_info_3,200,OK,group_33 1-96,text,true,,382,247,93,93,http://5.75.203.123:5005/user_info_3,303,0,206
1679751550710,315,user_info_3,200,OK,group_33 1-93,text,true,,382,247,93,93,http://5.75.203.123:5005/user_info_3,315,0,218
1679751550598,510,user_info_3,200,OK,group_33 1-65,text,true,,382,247,108,108,http://5.75.203.123:5005/user_info_3,510,0,88
1679751550594,515,user_info_3,200,OK,group_33 1-64,text,true,,382,247,107,107,http://5.75.203.123:5005/user_info_3,514,0,92
1679751550586,535,user_info_3,200,OK,group_33 1-62,text,true,,382,247,109,109,http://5.75.203.123:5005/user_info_3,534,0,100
1679751550613,509,user_info_3,200,OK,group_33 1-68,text,true,,382,247,108,108,http://5.75.203.123:5005/user_info_3,509,0,91
1679751550750,386,user_info_3,200,OK,group_33 1-103,text,true,,382,247,110,110,http://5.75.203.123:5005/user_info_3,386,0,181
1679751550766,405,user_info_3,200,OK,group_33 1-106,text,true,,382,247,118,118,http://5.75.203.123:5005/user_info_3,405,0,165
1679751550786,385,user_info_3,200,OK,group_33 1-111,text,true,,382,247,118,118,http://5.75.203.123:5005/user_info_3,385,0,146
1679751550786,386,user_info_3,200,OK,group_33 1-112,text,true,,382,247,117,117,http://5.75.203.123:5005/user_info_3,386,0,146
1679751550776,396,user_info_3,200,OK,group_33 1-109,text,true,,382,247,116,116,http://5.75.203.123:5005/user_info_3,396,0,156
1679751550795,377,user_info_3,200,OK,group_33 1-114,text,true,,382,247,116,116,http://5.75.203.123:5005/user_info_3,377,0,137
1679751550758,439,user_info_3,200,OK,group_33 1-105,text,true,,382,247,120,120,http://5.75.203.123:5005/user_info_3,439,0,174
1679751550754,443,user_info_3,200,OK,group_33 1-104,text,true,,382,247,120,120,http://5.75.203.123:5005/user_info_3,443,0,177
1679751550773,424,user_info_3,200,OK,group_33 1-108,text,true,,382,247,120,120,http://5.75.203.123:5005/user_info_3,424,0,159
1679751550769,428,user_info_3,200,OK,group_33 1-107,text,true,,382,247,120,120,http://5.75.203.123:5005/user_info_3,428,0,163
1679751550826,371,user_info_3,200,OK,group_33 1-122,text,true,,382,247,119,119,http://5.75.203.123:5005/user_info_3,371,0,106
1679751550745,452,user_info_3,200,OK,group_33 1-102,text,true,,382,247,119,119,http://5.75.203.123:5005/user_info_3,452,0,187
1679751550778,419,user_info_3,200,OK,group_33 1-110,text,true,,382,247,118,118,http://5.75.203.123:5005/user_info_3,419,0,154
1679751550803,397,user_info_3,200,OK,group_33 1-115,text,true,,382,247,113,113,http://5.75.203.123:5005/user_info_3,397,0,129
1679751550820,381,user_info_3,200,OK,group_33 1-120,text,true,,382,247,113,113,http://5.75.203.123:5005/user_info_3,380,0,112
1679751550829,372,user_info_3,200,OK,group_33 1-123,text,true,,382,247,113,113,http://5.75.203.123:5005/user_info_3,372,0,141
1679751550790,411,user_info_3,200,OK,group_33 1-113,text,true,,382,247,113,113,http://5.75.203.123:5005/user_info_3,411,0,142
1679751550806,395,user_info_3,200,OK,group_33 1-117,text,true,,382,247,109,109,http://5.75.203.123:5005/user_info_3,395,0,126
1679751550803,398,user_info_3,200,OK,group_33 1-116,text,true,,382,247,109,109,http://5.75.203.123:5005/user_info_3,398,0,129
1679751550855,346,user_info_3,200,OK,group_33 1-129,text,true,,382,247,109,109,http://5.75.203.123:5005/user_info_3,346,0,116
1679751550839,362,user_info_3,200,OK,group_33 1-124,text,true,,382,247,109,109,http://5.75.203.123:5005/user_info_3,362,0,131
1679751550857,345,user_info_3,200,OK,group_33 1-130,text,true,,382,247,110,110,http://5.75.203.123:5005/user_info_3,345,0,115
1679751550846,357,user_info_3,200,OK,group_33 1-127,text,true,,382,247,110,110,http://5.75.203.123:5005/user_info_3,356,0,125
1679751550814,389,user_info_3,200,OK,group_33 1-119,text,true,,382,247,109,109,http://5.75.203.123:5005/user_info_3,389,0,118
1679751550824,379,user_info_3,200,OK,group_33 1-121,text,true,,382,247,108,108,http://5.75.203.123:5005/user_info_3,379,0,108
1679751550809,395,user_info_3,200,OK,group_33 1-118,text,true,,382,247,107,107,http://5.75.203.123:5005/user_info_3,395,0,123
1679751550869,336,user_info_3,200,OK,group_33 1-133,text,true,,382,247,106,106,http://5.75.203.123:5005/user_info_3,335,0,153
1679751550862,343,user_info_3,200,OK,group_33 1-131,text,true,,382,247,105,105,http://5.75.203.123:5005/user_info_3,343,0,160
1679751550893,312,user_info_3,200,OK,group_33 1-139,text,true,,382,247,105,105,http://5.75.203.123:5005/user_info_3,312,0,130
1679751550916,289,user_info_3,200,OK,group_33 1-144,text,true,,382,247,105,105,http://5.75.203.123:5005/user_info_3,289,0,108
1679751550879,326,user_info_3,200,OK,group_33 1-135,text,true,,382,247,105,105,http://5.75.203.123:5005/user_info_3,326,0,144
1679751550917,288,user_info_3,200,OK,group_33 1-145,text,true,,382,247,105,105,http://5.75.203.123:5005/user_info_3,288,0,107
1679751550874,331,user_info_3,200,OK,group_33 1-134,text,true,,382,247,104,104,http://5.75.203.123:5005/user_info_3,331,0,149
1679751550607,598,user_info_3,200,OK,group_33 1-67,text,true,,382,247,104,104,http://5.75.203.123:5005/user_info_3,598,0,97
1679751550843,363,user_info_3,200,OK,group_33 1-126,text,true,,382,247,102,102,http://5.75.203.123:5005/user_info_3,363,0,179
1679751550839,367,user_info_3,200,OK,group_33 1-125,text,true,,382,247,102,102,http://5.75.203.123:5005/user_info_3,367,0,183
1679751550866,340,user_info_3,200,OK,group_33 1-132,text,true,,382,247,102,102,http://5.75.203.123:5005/user_info_3,340,0,156
1679751550852,354,user_info_3,200,OK,group_33 1-128,text,true,,382,247,101,101,http://5.75.203.123:5005/user_info_3,354,0,171
1679751550882,324,user_info_3,200,OK,group_33 1-136,text,true,,382,247,101,101,http://5.75.203.123:5005/user_info_3,324,0,142
1679751550901,306,user_info_3,200,OK,group_33 1-141,text,true,,382,247,99,99,http://5.75.203.123:5005/user_info_3,305,0,123
1679751550891,316,user_info_3,200,OK,group_33 1-138,text,true,,382,247,98,98,http://5.75.203.123:5005/user_info_3,316,0,133
1679751550897,310,user_info_3,200,OK,group_33 1-140,text,true,,382,247,97,97,http://5.75.203.123:5005/user_info_3,310,0,127
1679751550888,319,user_info_3,200,OK,group_33 1-137,text,true,,382,247,97,97,http://5.75.203.123:5005/user_info_3,319,0,136
1679751550910,297,user_info_3,200,OK,group_33 1-143,text,true,,382,247,97,97,http://5.75.203.123:5005/user_info_3,297,0,114
1679751550926,283,user_info_3,200,OK,group_33 1-147,text,true,,382,247,85,85,http://5.75.203.123:5005/user_info_3,283,0,98
1679751550906,303,user_info_3,200,OK,group_33 1-142,text,true,,382,247,85,85,http://5.75.203.123:5005/user_info_3,303,0,118
1679751550408,802,user_info_3,200,OK,group_33 1-17,text,true,,382,247,86,86,http://5.75.203.123:5005/user_info_3,801,0,56
1679751550922,287,user_info_3,200,OK,group_33 1-146,text,true,,382,247,85,85,http://5.75.203.123:5005/user_info_3,287,0,102
1679751550494,716,user_info_3,200,OK,group_33 1-39,text,true,,382,247,86,86,http://5.75.203.123:5005/user_info_3,715,0,165
1679751550539,691,user_info_3,200,OK,group_33 1-49,text,true,,382,247,85,85,http://5.75.203.123:5005/user_info_3,691,0,147
1679751550565,665,user_info_3,200,OK,group_33 1-57,text,true,,382,247,85,85,http://5.75.203.123:5005/user_info_3,665,0,139
1679751550931,299,user_info_3,200,OK,group_33 1-148,text,true,,382,247,84,84,http://5.75.203.123:5005/user_info_3,299,0,196
1679751550938,292,user_info_3,200,OK,group_33 1-150,text,true,,382,247,84,84,http://5.75.203.123:5005/user_info_3,292,0,199
1679751550962,356,user_info_3,200,OK,group_33 1-156,text,true,,382,247,104,104,http://5.75.203.123:5005/user_info_3,356,0,195
1679751550959,359,user_info_3,200,OK,group_33 1-155,text,true,,382,247,103,103,http://5.75.203.123:5005/user_info_3,359,0,198
1679751550934,385,user_info_3,200,OK,group_33 1-149,text,true,,382,247,103,103,http://5.75.203.123:5005/user_info_3,384,0,223
1679751550979,393,user_info_3,200,OK,group_33 1-160,text,true,,382,247,106,106,http://5.75.203.123:5005/user_info_3,393,0,218
1679751550990,373,user_info_3,200,OK,group_33 1-162,text,true,,382,247,106,106,http://5.75.203.123:5005/user_info_3,373,0,207
1679751551007,356,user_info_3,200,OK,group_33 1-167,text,true,,382,247,106,106,http://5.75.203.123:5005/user_info_3,356,0,190
1679751551002,360,user_info_3,200,OK,group_33 1-166,text,true,,382,247,106,106,http://5.75.203.123:5005/user_info_3,360,0,195
1679751550993,369,user_info_3,200,OK,group_33 1-163,text,true,,382,247,106,106,http://5.75.203.123:5005/user_info_3,369,0,204
1679751550969,393,user_info_3,200,OK,group_33 1-157,text,true,,382,247,106,106,http://5.75.203.123:5005/user_info_3,393,0,228
1679751550975,387,user_info_3,200,OK,group_33 1-159,text,true,,382,247,106,106,http://5.75.203.123:5005/user_info_3,387,0,222
1679751551019,342,user_info_3,200,OK,group_33 1-169,text,true,,382,247,106,106,http://5.75.203.123:5005/user_info_3,342,0,178
1679751550478,882,user_info_3,200,OK,group_33 1-35,text,true,,382,247,106,106,http://5.75.203.123:5005/user_info_3,882,0,206
1679751551019,340,user_info_3,200,OK,group_33 1-170,text,true,,382,247,106,106,http://5.75.203.123:5005/user_info_3,340,0,153
1679751550941,418,user_info_3,200,OK,group_33 1-151,text,true,,382,247,106,106,http://5.75.203.123:5005/user_info_3,418,0,231
1679751550955,404,user_info_3,200,OK,group_33 1-154,text,true,,382,247,106,106,http://5.75.203.123:5005/user_info_3,404,0,217
1679751550982,377,user_info_3,200,OK,group_33 1-161,text,true,,382,247,106,106,http://5.75.203.123:5005/user_info_3,377,0,190
1679751551002,357,user_info_3,200,OK,group_33 1-165,text,true,,382,247,106,106,http://5.75.203.123:5005/user_info_3,357,0,170
1679751551009,350,user_info_3,200,OK,group_33 1-168,text,true,,382,247,106,106,http://5.75.203.123:5005/user_info_3,350,0,163
1679751550994,364,user_info_3,200,OK,group_33 1-164,text,true,,382,247,106,106,http://5.75.203.123:5005/user_info_3,364,0,177
1679751550946,412,user_info_3,200,OK,group_33 1-152,text,true,,382,247,106,106,http://5.75.203.123:5005/user_info_3,412,0,211
1679751550971,387,user_info_3,200,OK,group_33 1-158,text,true,,382,247,106,106,http://5.75.203.123:5005/user_info_3,387,0,200
1679751550950,407,user_info_3,200,OK,group_33 1-153,text,true,,382,247,106,106,http://5.75.203.123:5005/user_info_3,407,0,207
1679751551052,418,user_info_3,200,OK,group_33 1-178,text,true,,382,247,87,87,http://5.75.203.123:5005/user_info_3,418,0,154
1679751551038,432,user_info_3,200,OK,group_33 1-175,text,true,,382,247,87,87,http://5.75.203.123:5005/user_info_3,432,0,168
1679751551037,454,user_info_3,200,OK,group_33 1-174,text,true,,382,247,85,85,http://5.75.203.123:5005/user_info_3,454,0,169
1679751551027,464,user_info_3,200,OK,group_33 1-172,text,true,,382,247,84,84,http://5.75.203.123:5005/user_info_3,464,0,180
1679751551046,446,user_info_3,200,OK,group_33 1-177,text,true,,382,247,84,84,http://5.75.203.123:5005/user_info_3,445,0,160
1679751551027,482,user_info_3,200,OK,group_33 1-171,text,true,,382,247,82,82,http://5.75.203.123:5005/user_info_3,482,0,180
1679751551033,477,user_info_3,200,OK,group_33 1-173,text,true,,382,247,81,81,http://5.75.203.123:5005/user_info_3,477,0,174
1679751551042,468,user_info_3,200,OK,group_33 1-176,text,true,,382,247,80,80,http://5.75.203.123:5005/user_info_3,468,0,165
1679751551090,421,user_info_3,200,OK,group_33 1-188,text,true,,382,247,79,79,http://5.75.203.123:5005/user_info_3,421,0,139
1679751551087,425,user_info_3,200,OK,group_33 1-187,text,true,,382,247,78,78,http://5.75.203.123:5005/user_info_3,425,0,142
1679751551082,430,user_info_3,200,OK,group_33 1-186,text,true,,382,247,77,77,http://5.75.203.123:5005/user_info_3,430,0,147
1679751551114,399,user_info_3,200,OK,group_33 1-194,text,true,,382,247,76,76,http://5.75.203.123:5005/user_info_3,399,0,116
1679751551103,410,user_info_3,200,OK,group_33 1-191,text,true,,382,247,75,75,http://5.75.203.123:5005/user_info_3,410,0,127
1679751551058,456,user_info_3,200,OK,group_33 1-180,text,true,,382,247,74,74,http://5.75.203.123:5005/user_info_3,454,0,171
1679751551127,406,user_info_3,200,OK,group_33 1-197,text,true,,382,247,73,73,http://5.75.203.123:5005/user_info_3,406,0,103
1679751551054,479,user_info_3,200,OK,group_33 1-179,text,true,,382,247,73,73,http://5.75.203.123:5005/user_info_3,479,0,175
1679751551061,481,user_info_3,200,OK,group_33 1-181,text,true,,382,247,71,71,http://5.75.203.123:5005/user_info_3,481,0,169
1679751551123,419,user_info_3,200,OK,group_33 1-196,text,true,,382,247,70,70,http://5.75.203.123:5005/user_info_3,419,0,107
1679751551071,472,user_info_3,200,OK,group_33 1-183,text,true,,382,247,69,69,http://5.75.203.123:5005/user_info_3,472,0,159
1679751551077,467,user_info_3,200,OK,group_33 1-184,text,true,,382,247,68,68,http://5.75.203.123:5005/user_info_3,466,0,153
1679751551071,473,user_info_3,200,OK,group_33 1-182,text,true,,382,247,67,67,http://5.75.203.123:5005/user_info_3,473,0,159
1679751551097,447,user_info_3,200,OK,group_33 1-189,text,true,,382,247,67,67,http://5.75.203.123:5005/user_info_3,447,0,133
1679751551100,455,user_info_3,200,OK,group_33 1-190,text,true,,382,247,65,65,http://5.75.203.123:5005/user_info_3,455,0,130
1679751551078,477,user_info_3,200,OK,group_33 1-185,text,true,,382,247,64,64,http://5.75.203.123:5005/user_info_3,477,0,152
1679751551106,455,user_info_3,200,OK,group_33 1-192,text,true,,382,247,63,63,http://5.75.203.123:5005/user_info_3,455,0,124
1679751551119,443,user_info_3,200,OK,group_33 1-195,text,true,,382,247,62,62,http://5.75.203.123:5005/user_info_3,443,0,111
1679751551110,452,user_info_3,200,OK,group_33 1-193,text,true,,382,247,62,62,http://5.75.203.123:5005/user_info_3,452,0,120
1679751551155,408,user_info_3,200,OK,group_33 1-203,text,true,,382,247,60,60,http://5.75.203.123:5005/user_info_3,408,0,123
1679751551130,448,user_info_3,200,OK,group_33 1-198,text,true,,382,247,59,59,http://5.75.203.123:5005/user_info_3,448,0,100
1679751550739,839,user_info_3,200,OK,group_33 1-100,text,true,,382,247,59,59,http://5.75.203.123:5005/user_info_3,839,0,189
1679751550734,845,user_info_3,200,OK,group_33 1-99,text,true,,382,247,58,58,http://5.75.203.123:5005/user_info_3,845,0,194
1679751551162,417,user_info_3,200,OK,group_33 1-205,text,true,,382,247,56,56,http://5.75.203.123:5005/user_info_3,417,0,116
1679751551157,423,user_info_3,200,OK,group_33 1-204,text,true,,382,247,55,55,http://5.75.203.123:5005/user_info_3,423,0,121
1679751551140,440,user_info_3,200,OK,group_33 1-199,text,true,,382,247,54,54,http://5.75.203.123:5005/user_info_3,440,0,137
1679751551140,441,user_info_3,200,OK,group_33 1-200,text,true,,382,247,53,53,http://5.75.203.123:5005/user_info_3,441,0,178
1679751551143,438,user_info_3,200,OK,group_33 1-201,text,true,,382,247,53,53,http://5.75.203.123:5005/user_info_3,438,0,135
1679751551146,435,user_info_3,200,OK,group_33 1-202,text,true,,382,247,52,52,http://5.75.203.123:5005/user_info_3,435,0,172
1679751551169,415,user_info_3,200,OK,group_33 1-207,text,true,,382,247,50,50,http://5.75.203.123:5005/user_info_3,415,0,188
1679751551195,389,user_info_3,200,OK,group_33 1-214,text,true,,382,247,49,49,http://5.75.203.123:5005/user_info_3,389,0,165
1679751551173,411,user_info_3,200,OK,group_33 1-208,text,true,,382,247,48,48,http://5.75.203.123:5005/user_info_3,411,0,186
1679751551203,382,user_info_3,200,OK,group_33 1-216,text,true,,382,247,47,47,http://5.75.203.123:5005/user_info_3,382,0,159
1679751551172,413,user_info_3,200,OK,group_33 1-206,text,true,,382,247,47,47,http://5.75.203.123:5005/user_info_3,413,0,187
1679751551190,395,user_info_3,200,OK,group_33 1-213,text,true,,382,247,45,45,http://5.75.203.123:5005/user_info_3,395,0,170
1679751551204,384,user_info_3,200,OK,group_33 1-215,text,true,,382,247,44,44,http://5.75.203.123:5005/user_info_3,384,0,168
1679751551207,382,user_info_3,200,OK,group_33 1-217,text,true,,382,247,44,44,http://5.75.203.123:5005/user_info_3,382,0,236
1679751551227,362,user_info_3,200,OK,group_33 1-222,text,true,,382,247,42,42,http://5.75.203.123:5005/user_info_3,362,0,234
1679751551218,393,user_info_3,200,OK,group_33 1-220,text,true,,382,247,41,41,http://5.75.203.123:5005/user_info_3,393,0,245
1679751551210,401,user_info_3,200,OK,group_33 1-218,text,true,,382,247,41,41,http://5.75.203.123:5005/user_info_3,400,0,238
1679751551223,395,user_info_3,200,OK,group_33 1-221,text,true,,382,247,39,39,http://5.75.203.123:5005/user_info_3,395,0,245
1679751551215,403,user_info_3,200,OK,group_33 1-219,text,true,,382,247,38,38,http://5.75.203.123:5005/user_info_3,403,0,255
1679751551237,382,user_info_3,200,OK,group_33 1-224,text,true,,382,247,37,37,http://5.75.203.123:5005/user_info_3,382,0,272
1679751551251,370,user_info_3,200,OK,group_33 1-228,text,true,,382,247,36,36,http://5.75.203.123:5005/user_info_3,370,0,259
1679751551272,350,user_info_3,200,OK,group_33 1-233,text,true,,382,247,35,35,http://5.75.203.123:5005/user_info_3,350,0,239
1679751551257,365,user_info_3,200,OK,group_33 1-230,text,true,,382,247,35,35,http://5.75.203.123:5005/user_info_3,365,0,254
1679751551282,340,user_info_3,200,OK,group_33 1-236,text,true,,382,247,35,35,http://5.75.203.123:5005/user_info_3,340,0,230
1679751551310,313,user_info_3,200,OK,group_33 1-243,text,true,,382,247,33,33,http://5.75.203.123:5005/user_info_3,312,0,203
1679751551297,326,user_info_3,200,OK,group_33 1-239,text,true,,382,247,31,31,http://5.75.203.123:5005/user_info_3,326,0,216
1679751551290,333,user_info_3,200,OK,group_33 1-238,text,true,,382,247,30,30,http://5.75.203.123:5005/user_info_3,333,0,223
1679751551242,382,user_info_3,200,OK,group_33 1-226,text,true,,382,247,29,29,http://5.75.203.123:5005/user_info_3,382,0,271
1679751551246,378,user_info_3,200,OK,group_33 1-227,text,true,,382,247,28,28,http://5.75.203.123:5005/user_info_3,378,0,267
1679751551302,322,user_info_3,200,OK,group_33 1-241,text,true,,382,247,28,28,http://5.75.203.123:5005/user_info_3,322,0,211
1679751551239,386,user_info_3,200,OK,group_33 1-225,text,true,,382,247,28,28,http://5.75.203.123:5005/user_info_3,386,0,274
1679751551231,394,user_info_3,200,OK,group_33 1-223,text,true,,382,247,28,28,http://5.75.203.123:5005/user_info_3,394,0,282
1679751551275,350,user_info_3,200,OK,group_33 1-234,text,true,,382,247,25,25,http://5.75.203.123:5005/user_info_3,350,0,238
1679751551257,369,user_info_3,200,OK,group_33 1-229,text,true,,382,247,24,24,http://5.75.203.123:5005/user_info_3,369,0,257
1679751551262,364,user_info_3,200,OK,group_33 1-231,text,true,,382,247,24,24,http://5.75.203.123:5005/user_info_3,364,0,251
1679751551297,329,user_info_3,200,OK,group_33 1-240,text,true,,382,247,22,22,http://5.75.203.123:5005/user_info_3,329,0,236
1679751551266,360,user_info_3,200,OK,group_33 1-232,text,true,,382,247,21,21,http://5.75.203.123:5005/user_info_3,360,0,267
1679751551309,330,user_info_3,200,OK,group_33 1-242,text,true,,382,247,19,19,http://5.75.203.123:5005/user_info_3,330,0,225
1679751551278,361,user_info_3,200,OK,group_33 1-235,text,true,,382,247,19,19,http://5.75.203.123:5005/user_info_3,361,0,256
1679751551327,312,user_info_3,200,OK,group_33 1-247,text,true,,382,247,19,19,http://5.75.203.123:5005/user_info_3,312,0,216
1679751551341,300,user_info_3,200,OK,group_33 1-250,text,true,,382,247,16,16,http://5.75.203.123:5005/user_info_3,300,0,202
1679751551329,312,user_info_3,200,OK,group_33 1-248,text,true,,382,247,16,16,http://5.75.203.123:5005/user_info_3,312,0,214
1679751551318,335,user_info_3,200,OK,group_33 1-244,text,true,,382,247,14,14,http://5.75.203.123:5005/user_info_3,335,0,224
1679751551286,368,user_info_3,200,OK,group_33 1-237,text,true,,382,247,13,13,http://5.75.203.123:5005/user_info_3,367,0,256
1679751551318,337,user_info_3,200,OK,group_33 1-245,text,true,,382,247,12,12,http://5.75.203.123:5005/user_info_3,337,0,226
1679751551322,333,user_info_3,200,OK,group_33 1-246,text,true,,382,247,12,12,http://5.75.203.123:5005/user_info_3,333,0,222
1679751551338,317,user_info_3,200,OK,group_33 1-249,text,true,,382,247,11,11,http://5.75.203.123:5005/user_info_3,317,0,216
1679751550664,1070,user_info_3,200,OK,group_33 1-81,text,true,,382,247,9,9,http://5.75.203.123:5005/user_info_3,1070,0,1037
1679751550676,1072,user_info_3,200,OK,group_33 1-84,text,true,,382,247,8,8,http://5.75.203.123:5005/user_info_3,1072,0,1035
1679751550672,1077,user_info_3,200,OK,group_33 1-83,text,true,,382,247,7,7,http://5.75.203.123:5005/user_info_3,1077,0,1037
1679751550699,1066,user_info_3,200,OK,group_33 1-90,text,true,,382,247,6,6,http://5.75.203.123:5005/user_info_3,1066,0,1031
1679751550693,1085,user_info_3,200,OK,group_33 1-88,text,true,,382,247,5,5,http://5.75.203.123:5005/user_info_3,1085,0,1039
1679751551178,1065,user_info_3,200,OK,group_33 1-210,text,true,,382,247,4,4,http://5.75.203.123:5005/user_info_3,1065,0,1031
1679751551177,1071,user_info_3,200,OK,group_33 1-209,text,true,,382,247,3,3,http://5.75.203.123:5005/user_info_3,1071,0,1035
1679751551186,1076,user_info_3,200,OK,group_33 1-211,text,true,,382,247,2,2,http://5.75.203.123:5005/user_info_3,1076,0,1037
1679751551186,1079,user_info_3,200,OK,group_33 1-212,text,true,,382,247,1,1,http://5.75.203.123:5005/user_info_3,1079,0,1037
